-- Demo seed for the neutral "Testing" theme.
-- Target database: MySQL after Django migrations.
-- Demo password for all seeded users: test12345

SET NAMES utf8mb4;
SET FOREIGN_KEY_CHECKS = 0;

DELETE FROM initru_briefsforpeoples WHERE id BETWEEN 2001 AND 2010;
DELETE FROM initru_downloadinstructionsfortests WHERE id BETWEEN 2001 AND 2010;
DELETE FROM initru_res WHERE id BETWEEN 2001 AND 2010;
DELETE FROM initru_answers WHERE id BETWEEN 20001 AND 20120;
DELETE FROM initru_question WHERE id BETWEEN 2001 AND 2030;
DELETE FROM initru_test WHERE id BETWEEN 2001 AND 2010;
DELETE FROM initru_customuser_groups WHERE customuser_id BETWEEN 2001 AND 2010;
DELETE FROM initru_customuser_user_permissions WHERE customuser_id BETWEEN 2001 AND 2010;
DELETE FROM initru_customuser WHERE id BETWEEN 2001 AND 2010;
DELETE FROM initru_groups WHERE id BETWEEN 2001 AND 2010;
DELETE FROM initru_city WHERE id BETWEEN 2001 AND 2010;
DELETE FROM initru_street WHERE id BETWEEN 2001 AND 2010;
DELETE FROM initru_region WHERE id BETWEEN 2001 AND 2010;
DELETE FROM initru_spec WHERE id BETWEEN 2001 AND 2010;
DELETE FROM initru_role WHERE id BETWEEN 2001 AND 2010;
DELETE FROM initru_typeuser WHERE id BETWEEN 2001 AND 2010;
DELETE FROM initru_inst WHERE id BETWEEN 2001 AND 2010;

SET FOREIGN_KEY_CHECKS = 1;

INSERT INTO initru_region (id, name_region) VALUES
  (2001, 'Москва'),
  (2002, 'Санкт-Петербург'),
  (2003, 'Казань');

INSERT INTO initru_city (id, name_city, postal_code, region_id) VALUES
  (2001, 'Москва', 101000, 2001),
  (2002, 'Санкт-Петербург', 190000, 2002),
  (2003, 'Казань', 420000, 2003);

INSERT INTO initru_street (id, name_street) VALUES
  (2001, 'Учебная'),
  (2002, 'Цифровая'),
  (2003, 'Университетская');

INSERT INTO initru_spec (id, name_special, encryption_special) VALUES
  (2001, 'Информационные системы', '09.02.07'),
  (2002, 'Веб-разработка', '09.02.09'),
  (2003, 'Прикладная информатика', '09.03.03');

INSERT INTO initru_groups (id, name_group, special_id) VALUES
  (2001, 'ИС-101', 2001),
  (2002, 'WEB-22', 2002),
  (2003, 'IT-EMP', 2003);

INSERT INTO initru_role (id, name_role) VALUES
  (2001, 'Администратор'),
  (2002, 'Ответственный'),
  (2003, 'Студент'),
  (2004, 'Сотрудник');

INSERT INTO initru_typeuser (id, name_type_user) VALUES
  (2001, 'Админ'),
  (2002, 'Ответственный'),
  (2003, 'Студент'),
  (2004, 'Сотрудник');

INSERT INTO initru_inst (id, name_instruction, date_period) VALUES
  (2001, 'Информатика', 365),
  (2002, 'Цифровая грамотность', 365);

INSERT INTO initru_customuser (
  id, password, last_login, is_superuser, username, first_name, last_name,
  email, is_staff, is_active, date_joined, patronymic, gender, birthday_date,
  house, flat, avatar, phone_number, date_end, city_id, groupStud_id,
  region_id, role_id, street_id, type_user_id
) VALUES
  (2001, 'pbkdf2_sha256$1000000$testingSeed2026$1LTfeIQNVc3HqsK897SS0BMiEiMM5g+A05xpFrfe0Tk=', NULL, 1, 'admin_test', 'Александр', 'Админов', 'admin_test@example.com', 1, 1, '2026-05-20 09:00:00.000000', 'Сергеевич', 'm', '1988-02-10', 1, 1, '', '+79002000001', '2027-06-30', 2001, 2001, 2001, 2001, 2001, 2001),
  (2002, 'pbkdf2_sha256$1000000$testingSeed2026$1LTfeIQNVc3HqsK897SS0BMiEiMM5g+A05xpFrfe0Tk=', NULL, 1, 'responsible_test', 'Марина', 'Кураторова', 'responsible_test@example.com', 1, 1, '2026-05-20 09:05:00.000000', 'Игоревна', 'j', '1990-04-15', 2, 2, '', '+79002000002', '2027-06-30', 2001, 2001, 2001, 2002, 2001, 2002),
  (2003, 'pbkdf2_sha256$1000000$testingSeed2026$1LTfeIQNVc3HqsK897SS0BMiEiMM5g+A05xpFrfe0Tk=', NULL, 0, 'student_ivanov', 'Иван', 'Иванов', 'student_ivanov@example.com', 0, 1, '2026-05-20 09:10:00.000000', 'Петрович', 'm', '2006-03-12', 3, 3, '', '+79002000003', '2027-06-30', 2002, 2001, 2002, 2003, 2002, 2003),
  (2004, 'pbkdf2_sha256$1000000$testingSeed2026$1LTfeIQNVc3HqsK897SS0BMiEiMM5g+A05xpFrfe0Tk=', NULL, 0, 'student_smirnova', 'Анна', 'Смирнова', 'student_smirnova@example.com', 0, 1, '2026-05-20 09:15:00.000000', 'Олеговна', 'j', '2005-07-21', 4, 4, '', '+79002000004', '2027-06-30', 2002, 2002, 2002, 2003, 2002, 2003),
  (2005, 'pbkdf2_sha256$1000000$testingSeed2026$1LTfeIQNVc3HqsK897SS0BMiEiMM5g+A05xpFrfe0Tk=', NULL, 0, 'employee_petrov', 'Дмитрий', 'Петров', 'employee_petrov@example.com', 0, 1, '2026-05-20 09:20:00.000000', 'Андреевич', 'm', '1994-11-03', 5, 5, '', '+79002000005', '2027-06-30', 2003, 2003, 2003, 2004, 2003, 2004),
  (2006, 'pbkdf2_sha256$1000000$testingSeed2026$1LTfeIQNVc3HqsK897SS0BMiEiMM5g+A05xpFrfe0Tk=', NULL, 0, 'employee_orlova', 'Елена', 'Орлова', 'employee_orlova@example.com', 0, 1, '2026-05-20 09:25:00.000000', 'Викторовна', 'j', '1992-09-18', 6, 6, '', '+79002000006', '2027-06-30', 2003, 2003, 2003, 2004, 2003, 2004);

INSERT INTO initru_test (
  id, name_test, number_of_questions, time, required_score_to_pass,
  file, date_target, instruction_id, stud_groups_id, type_user_id
) VALUES
  (2001, 'Базовый тест по информатике для студентов', 10, 15, 70, 'instr/informatika_osnovy.txt', '2026-05-20 10:00:00.000000', 2001, 2001, 2003),
  (2002, 'Базовый тест по информатике для веб-группы', 10, 15, 70, 'instr/informatika_osnovy.txt', '2026-05-20 10:05:00.000000', 2001, 2002, 2003),
  (2003, 'Проверка цифровой грамотности для сотрудников', 10, 15, 70, 'instr/informatika_osnovy.txt', '2026-05-20 10:10:00.000000', 2002, 2003, 2004);

INSERT INTO initru_question (id, name, created, test_id) VALUES
  (2001, 'Что такое алгоритм?', '2026-05-20 11:00:00.000000', 2001),
  (2002, 'Какая система счисления используется в основе работы компьютера?', '2026-05-20 11:01:00.000000', 2001),
  (2003, 'Что хранит оперативная память компьютера?', '2026-05-20 11:02:00.000000', 2001),
  (2004, 'Что такое переменная в программировании?', '2026-05-20 11:03:00.000000', 2001),
  (2005, 'Какой протокол чаще всего используется для загрузки веб-страниц?', '2026-05-20 11:04:00.000000', 2001),
  (2006, 'Что означает аббревиатура CPU?', '2026-05-20 11:05:00.000000', 2001),
  (2007, 'Что такое база данных?', '2026-05-20 11:06:00.000000', 2001),
  (2008, 'Какой тип данных обычно хранит значения true или false?', '2026-05-20 11:07:00.000000', 2001),
  (2009, 'Что делает компилятор?', '2026-05-20 11:08:00.000000', 2001),
  (2010, 'Как называется уникальный адрес устройства в сети?', '2026-05-20 11:09:00.000000', 2001),
  (2011, 'Что такое алгоритм?', '2026-05-20 11:10:00.000000', 2002),
  (2012, 'Какая система счисления используется в основе работы компьютера?', '2026-05-20 11:11:00.000000', 2002),
  (2013, 'Что хранит оперативная память компьютера?', '2026-05-20 11:12:00.000000', 2002),
  (2014, 'Что такое переменная в программировании?', '2026-05-20 11:13:00.000000', 2002),
  (2015, 'Какой протокол чаще всего используется для загрузки веб-страниц?', '2026-05-20 11:14:00.000000', 2002),
  (2016, 'Что означает аббревиатура CPU?', '2026-05-20 11:15:00.000000', 2002),
  (2017, 'Что такое база данных?', '2026-05-20 11:16:00.000000', 2002),
  (2018, 'Какой тип данных обычно хранит значения true или false?', '2026-05-20 11:17:00.000000', 2002),
  (2019, 'Что делает компилятор?', '2026-05-20 11:18:00.000000', 2002),
  (2020, 'Как называется уникальный адрес устройства в сети?', '2026-05-20 11:19:00.000000', 2002),
  (2021, 'Что такое алгоритм?', '2026-05-20 11:20:00.000000', 2003),
  (2022, 'Какая система счисления используется в основе работы компьютера?', '2026-05-20 11:21:00.000000', 2003),
  (2023, 'Что хранит оперативная память компьютера?', '2026-05-20 11:22:00.000000', 2003),
  (2024, 'Что такое переменная в программировании?', '2026-05-20 11:23:00.000000', 2003),
  (2025, 'Какой протокол чаще всего используется для загрузки веб-страниц?', '2026-05-20 11:24:00.000000', 2003),
  (2026, 'Что означает аббревиатура CPU?', '2026-05-20 11:25:00.000000', 2003),
  (2027, 'Что такое база данных?', '2026-05-20 11:26:00.000000', 2003),
  (2028, 'Какой тип данных обычно хранит значения true или false?', '2026-05-20 11:27:00.000000', 2003),
  (2029, 'Что делает компилятор?', '2026-05-20 11:28:00.000000', 2003),
  (2030, 'Как называется уникальный адрес устройства в сети?', '2026-05-20 11:29:00.000000', 2003);

INSERT INTO initru_answers (id, text, correct, created, question_id) VALUES
  (20001, 'Точное описание шагов для решения задачи', 1, '2026-05-20 12:00:00.000000', 2001),
  (20002, 'Название компьютерной игры', 0, '2026-05-20 12:00:00.000000', 2001),
  (20003, 'Тип монитора', 0, '2026-05-20 12:00:00.000000', 2001),
  (20004, 'Файл с изображением', 0, '2026-05-20 12:00:00.000000', 2001),
  (20005, 'Двоичная', 1, '2026-05-20 12:01:00.000000', 2002),
  (20006, 'Десятичная', 0, '2026-05-20 12:01:00.000000', 2002),
  (20007, 'Римская', 0, '2026-05-20 12:01:00.000000', 2002),
  (20008, 'Шестидесятеричная', 0, '2026-05-20 12:01:00.000000', 2002),
  (20009, 'Данные и команды, с которыми программа работает сейчас', 1, '2026-05-20 12:02:00.000000', 2003),
  (20010, 'Только выключенные программы', 0, '2026-05-20 12:02:00.000000', 2003),
  (20011, 'Только бумажные документы', 0, '2026-05-20 12:02:00.000000', 2003),
  (20012, 'Пароли всех пользователей сети', 0, '2026-05-20 12:02:00.000000', 2003),
  (20013, 'Именованная область памяти для хранения значения', 1, '2026-05-20 12:03:00.000000', 2004),
  (20014, 'Постоянный адрес сайта', 0, '2026-05-20 12:03:00.000000', 2004),
  (20015, 'Физическая кнопка на клавиатуре', 0, '2026-05-20 12:03:00.000000', 2004),
  (20016, 'Любая картинка в интерфейсе', 0, '2026-05-20 12:03:00.000000', 2004),
  (20017, 'HTTP или HTTPS', 1, '2026-05-20 12:04:00.000000', 2005),
  (20018, 'SMTP', 0, '2026-05-20 12:04:00.000000', 2005),
  (20019, 'Bluetooth', 0, '2026-05-20 12:04:00.000000', 2005),
  (20020, 'USB', 0, '2026-05-20 12:04:00.000000', 2005),
  (20021, 'Центральный процессор', 1, '2026-05-20 12:05:00.000000', 2006),
  (20022, 'Цветовая палитра пользователя', 0, '2026-05-20 12:05:00.000000', 2006),
  (20023, 'Сетевой кабель', 0, '2026-05-20 12:05:00.000000', 2006),
  (20024, 'Папка с программами', 0, '2026-05-20 12:05:00.000000', 2006),
  (20025, 'Организованное хранилище данных', 1, '2026-05-20 12:06:00.000000', 2007),
  (20026, 'Только текстовый редактор', 0, '2026-05-20 12:06:00.000000', 2007),
  (20027, 'Вид компьютерной мыши', 0, '2026-05-20 12:06:00.000000', 2007),
  (20028, 'Набор случайных картинок', 0, '2026-05-20 12:06:00.000000', 2007),
  (20029, 'Логический', 1, '2026-05-20 12:07:00.000000', 2008),
  (20030, 'Строковый', 0, '2026-05-20 12:07:00.000000', 2008),
  (20031, 'Графический', 0, '2026-05-20 12:07:00.000000', 2008),
  (20032, 'Звуковой', 0, '2026-05-20 12:07:00.000000', 2008),
  (20033, 'Переводит исходный код в исполняемую форму', 1, '2026-05-20 12:08:00.000000', 2009),
  (20034, 'Печатает документы', 0, '2026-05-20 12:08:00.000000', 2009),
  (20035, 'Проверяет температуру процессора', 0, '2026-05-20 12:08:00.000000', 2009),
  (20036, 'Создает резервную копию монитора', 0, '2026-05-20 12:08:00.000000', 2009),
  (20037, 'IP-адрес', 1, '2026-05-20 12:09:00.000000', 2010),
  (20038, 'Размер экрана', 0, '2026-05-20 12:09:00.000000', 2010),
  (20039, 'Имя файла', 0, '2026-05-20 12:09:00.000000', 2010),
  (20040, 'Тип клавиатуры', 0, '2026-05-20 12:09:00.000000', 2010);

INSERT INTO initru_answers (id, text, correct, created, question_id)
SELECT id + 40, text, correct, created, question_id + 10
FROM (
  SELECT id, text, correct, created, question_id
  FROM initru_answers
  WHERE id BETWEEN 20001 AND 20040
) AS seed_answers;

INSERT INTO initru_answers (id, text, correct, created, question_id)
SELECT id + 80, text, correct, created, question_id + 20
FROM (
  SELECT id, text, correct, created, question_id
  FROM initru_answers
  WHERE id BETWEEN 20001 AND 20040
) AS seed_answers;

INSERT INTO initru_downloadinstructionsfortests (id, user_id, test_id) VALUES
  (2001, 2003, 2001),
  (2002, 2004, 2002),
  (2003, 2005, 2003),
  (2004, 2006, 2003);

INSERT INTO initru_briefsforpeoples (id, date_target, user_id, test_id) VALUES
  (2001, '2026-05-20 10:00:00.000000', 2003, 2001),
  (2002, '2026-05-20 10:05:00.000000', 2004, 2002),
  (2003, '2026-05-20 10:10:00.000000', 2005, 2003),
  (2004, '2026-05-20 10:15:00.000000', 2006, 2003);

INSERT INTO initru_res (
  id, date_instruction, date_instruction_end, result, mark, attempt,
  instruction_id, user_id, quiz_id
) VALUES
  (2001, '2026-05-20 13:00:00.000000', 0, 90, 'Сдан', 1, 2001, 2003, 2001),
  (2002, '2026-05-20 13:10:00.000000', 0, 80, 'Сдан', 1, 2001, 2004, 2002),
  (2003, '2026-05-20 13:20:00.000000', 0, 60, 'Не сдан', 1, 2002, 2005, 2003),
  (2004, '2026-05-20 13:30:00.000000', 0, 100, 'Сдан', 1, 2002, 2006, 2003);
